categ_id,name,default_code,lst_price
MM,Diluyente para Sombras  -Apto HD  (Botella con dosificador) x 10cc.,2015P,235
MM,Tonalizador Correctivo Corrector Cremoso Duo-Petaca Dúo x 4g. @Beige Amarillento / Beige grisado,1000-01,345
MM,Tonalizador Correctivo Corrector Cremoso Duo-Petaca Dúo x 4g. @Salmón / Tostado,1000-02,345
MM,Tonalizador Correctivo Repuesto de 26mm x 1g. @Verde NUEVO FORMATO!!,1001-02,150
MM,Tonalizador Correctivo Repuesto de 26mm x 1g. @Marrón Africano NUEVO FORMATO!!,1001-09,150
MM,Tonalizador Correctivo Repuesto de 26mm x 1g. @Beige Verdoso NUEVO FORMATO!!,1001-13,150
MM,Fluidificador de texturas Pre Base de Maquillaje Botella con Dosificador x 20g. @Fluidificador de texturas.  Pre base.,1014,970
MM,Pre  Base Matificante Ultra HD Botella con Dosificador x 19g. @Claro,1015-01,795
MM,Pre  Base Matificante Ultra HD Botella con Dosificador x 19g. @Oscuro,1015-02,795
MM,Sombra Compacta Highlight Soft Petaca x 4g. @Arena  NUEVO!!,1100-01,365
MM,Sombra Compacta Hiperpigmentadas Repuesto de 37 mm. x 4g. @Azul  Intenso Satinado,1110-111,275
MM,Sombra Compacta Hiperpigmentadas Repuesto de 37 mm. x 4g. @Marfil Satinado,1110-116,275
MM,Sombra Compacta Hiperpigmentadas Repuesto de 37 mm. x 4g. @Rosa Mate,1110-118,275
MM,Sombra Compacta Hiperpigmentadas Repuesto de 37 mm. x 4g. @Terracota Satinado,1110-128,275
MM,Sombra Compacta Hiperpigmentadas Repuesto de 37 mm. x 4g. @Rosado Tornasol,1110-134,275
MM,Sombra Compacta Hiperpigmentadas Repuesto de 37 mm. x 4g. @Manteca Semi-Mate,1110-135,275
MM,Sombra Compacta Hiperpigmentadas Repuesto de 37 mm. x 4g. @Marrón Grisado,1110-139,275
MM,Sombra Compacta Hiperpigmentadas Repuesto de 37 mm. x 4g. @Rosa Salmón Semimate,1110-144,275
MM,Sombra Compacta Hiperpigmentadas Repuesto de 37 mm. x 4g. @Champagne Satinado,1110-CHS,275
MM,Sombra Compacta Hiperpigmentadas Repuesto de 37 mm. x 4g. @Turquesa Satinado Intenso,1110-TUS,275
MM,Sombra Compacta Hiperpigmentadas Repuesto de 37 mm. x 4g. @Limón Satinado,1110-LIS,275
MM,Sombra Compacta Hiperpigmentadas Repuesto de 37 mm. x 4g. @Gris Tiza con Perla Plata,1110-R01,275
MM,Sombra Compacta Hiperpigmentadas Repuesto de 37 mm. x 4g. @Negro Réflex,1110-R05,275
MM,Sombra Compacta Hiperpigmentadas Repuesto de 37 mm. x 4g. @Petróleo Intenso Réflex,1110-R06,275
MM,Sombra Compacta Apta HD. Hiperpigmentada Repuesto de 33mmx 4g. @Dorada Intenso,1110-101,275
MM,Sombra Compacta Apta HD. Hiperpigmentada Repuesto de 33mmx 4g. @Chocolate Mate,1110-102,275
MM,Sombra Compacta Apta HD. Hiperpigmentada Repuesto de 33mmx 4g. @Borravino Satinado,1110-103,275
MM,Sombra Compacta Apta HD. Hiperpigmentada Repuesto de 33mmx 4g. @Rosa Bebe Satinado,1110-108,275
MM,Sombra Compacta Apta HD. Hiperpigmentada Repuesto de 33mmx 4g. @Anaranjado Claro Satinado,1110-109,275
MM,Sombra Compacta Apta HD. Hiperpigmentada Repuesto de 33mmx 4g. @Tostado Mate,1110-117,275
MM,Sombra Compacta Apta HD. Hiperpigmentada Repuesto de 33mmx 4g. @Beige Mate,1110-119,275
MM,Sombra Compacta Apta HD. Hiperpigmentada Repuesto de 33mmx 4g. @Natural Mate,1110-123,275
MM,Sombra Compacta Apta HD. Hiperpigmentada Repuesto de 33mmx 4g. @Blanco Perlado,1110-124,275
MM,Sombra Compacta Apta HD. Hiperpigmentada Repuesto de 33mmx 4g. @Anaranjado Pastel Mate,1110-126,275
MM,Sombra Compacta Apta HD. Hiperpigmentada Repuesto de 33mmx 4g. @Bordeaux Amarronado,1110-137,275
MM,Sombra Compacta Apta HD. Hiperpigmentada Repuesto de 33mmx 4g. @Verde Calypso,1110-142,275
MM,Sombra Compacta Apta HD. Hiperpigmentada Repuesto de 33mmx 4g. @Bronce Satinado,1110-143,275
MM,Sombra Compacta Hiperpigmentada -FANTASIA Repuesto de 37 mm. x 4g. @Sandia Intenso Mate,1110-F01,275
MM,Sombra Compacta Hiperpigmentada -FANTASIA Repuesto de 37 mm. x 4g. @Fucsia Mate,1110-F02,275
MM,Sombra Compacta Hiperpigmentada -FANTASIA Repuesto de 37 mm. x 4g. @Fucsia Intenso Mate,1110-F03,275
MM,Sombra Compacta Hiperpigmentada -FANTASIA Repuesto de 37 mm. x 4g. @Rojo Mate  NUEVO!!,1110-F04,275
MM,Sombra Compacta Hiperpigmentada -FANTASIA Repuesto de 37 mm. x 4g. @Anaranjado Coral Mate,1110-F05,275
MM,Sombra Compacta Hiperpigmentada -FANTASIA Repuesto de 37 mm. x 4g. @Dorado Satinado,1110-F08,275
MM,Sombra Compacta Hiperpigmentada -FANTASIA Repuesto de 37 mm. x 4g. @Petróleo Intenso Satinado,1110-F09,275
MM,Sombra Compacta Hiperpigmentada -FANTASIA Repuesto de 37 mm. x 4g. @Amarillo Intenso Mate,1110-F11,275
MM,Sombra Compacta Hiperpigmentada -FANTASIA Repuesto de 37 mm. x 4g. @Turquesa intenso mate  NUEVO!!,1110-F12,275
MM,Sombra Compacta Hiperpigmentada PUROS Repuesto de 37 mm. x 4g. @Negro Mate,1110-P01,275
MM,Sombra Compacta Hiperpigmentada PUROS Repuesto de 37 mm. x 4g. @Blanco Mate,1110-P02,275
MM,Sombra Compacta Hiperpigmentada PUROS Repuesto de 37 mm. x 4g. @Amarillo Mate,1110-P03,275
MM,Sombra Compacta Hiperpigmentada PUROS Repuesto de 37 mm. x 4g. @Azul Intenso Mate,1110-P05,275
MM,Sombra Compacta Hiperpigmentada PUROS Repuesto de 37 mm. x 4g. @Azul Eléctrico Satinado,1110-P06,275
MM,Sombra Compacta Hiperpigmentada PUROS Repuesto de 37 mm. x 4g. @Violeta Mate,1110-P07,275
MM,Sombra Compacta Hiperpigmentada PUROS Repuesto de 37 mm. x 4g. @Anaranjado Mate,1110-P11,275
MM,Sombra Compacta Apta HD. HIPERPIGMENTADAS PUROS Repuesto de 33mmx 4g. @Bordó Mate,1110-P04,275
MM,Sombra Compacta Apta HD. HIPERPIGMENTADAS PUROS Repuesto de 33mmx 4g. @Verde mate,1110-P09,275
MM,Sombra Compacta Apta HD. SILICONADAS - Metalizadas Repuesto de 37 mm. x 4gr. @Dorado Extra claro Satinado,1110-S00,315
MM,Sombra Compacta Apta HD. SILICONADAS - Metalizadas Repuesto de 37 mm. x 4gr. @Rojo Granate Metalizado,1110-S01,315
MM,Sombra Compacta Apta HD. SILICONADAS - Metalizadas Repuesto de 37 mm. x 4gr. @Violeta amatista Metalizado,1110-S03,315
MM,Sombra Compacta Apta HD. SILICONADAS - Metalizadas Repuesto de 37 mm. x 4gr. @Azul Zafiro Metalizado,1110-S04,315
MM,Sombra Compacta Apta HD. SILICONADAS - Metalizadas Repuesto de 37 mm. x 4gr. @Verde esmeralda Metalizado,1110-S05,315
MM,Sombra Compacta Apta HD. SILICONADAS - Metalizadas Repuesto de 37 mm. x 4gr. @Rosa Tornasol Metalizado,1110-S06,315
MM,Sombra Compacta Apta HD. SILICONADAS - Metalizadas Repuesto de 37 mm. x 4gr. @Lila Tornasol Metalizado,1110-S08,315
MM,Sombra Compacta Apta HD. SILICONADAS - Metalizadas Repuesto de 37 mm. x 4gr. @Blanco Tornasol Dorado,1110-S11,315
MM,Sombra Compacta (Mini) Repuesto de 20 mm x 1 g. @Marfil,1112-01,200
MM,Sombra Compacta (Mini) Repuesto de 20 mm x 1 g. @Nacarado Tornasol Dorado ,1112-02,200
MM,Sombra Compacta (Mini) Repuesto de 20 mm x 1 g. @Cobre Anaranjado Suave,1112-03,200
MM,Sombra Compacta (Mini) Repuesto de 20 mm x 1 g. @Beige Oscuro,1112-04,200
MM,Sombra Compacta (Mini) Repuesto de 20 mm x 1 g. @Cobre Satinado,1112-05,200
MM,Sombra Compacta (Mini) Repuesto de 20 mm x 1 g. @Gris Plata,1112-06,200
MM,Sombra Compacta (Mini) Repuesto de 20 mm x 1 g. @Petróleo Tornasol,1112-07,200
MM,Sombra Compacta (Mini) Repuesto de 20 mm x 1 g. @Negro,1112-08,200
MM,"Sombra Compacta Repuesto rectangular x 3,5g. @Celeste mate  NUEVO!!",1113-121,145
MM,"Sombra Compacta Repuesto rectangular x 3,5g. @Negro mate  NUEVO!!",1113-P01,145
MM,Mila BB- Base Nude Pre Base neutra Pomo x 25g. @Neutra,1114,430
MM,Sombra en Polvo Pigmento Puro Polvera x 2g. @Verde Manzana,1143P-08,200
MM,Sombra en Polvo Pigmento Puro Polvera x 2g. @Anaranjado Cromático NUEVO!!,1143P-09,200
MM,Sombra en Polvo Pigmento Puro Polvera x 2g. @Rojo,1143P-10,200
MM,Sombra en Polvo Pigmento Puro Polvera x 2g. @Azul,1143P-12,200
MM,Sombra en Polvo Pigmento Puro Polvera x 2g. @Anaranjado  Fluo,1143P-13,200
MM,Sombra en Polvo Pigmento Puro Polvera x 2g. @Verde Esmeralda,1143P-14,200
MM,Sombra en Polvo Perla Pote x 1g. @Dorado,1152P-01,280
MM,Sombra en Polvo Perla Pote x 1g. @Cobre,1152P-02,280
MM,Sombra en Polvo Perla Pote x 1g. @Rosa Dorado,1152P-04,280
MM,Sombra en Polvo Perla Pote x 1g. @Plata Metálico,1152P-12,280
MM,Rubor Compacto Repuesto de 37mm.x 4g. @Rosa Satinado,1210-201,315
MM,Rubor Compacto Repuesto de 37mm.x 4g. @Salmón Satinado,1210-202,315
MM,Rubor Compacto Repuesto de 37mm.x 4g. @Marrón Claro Satinado,1210-203,315
MM,Rubor Compacto Repuesto de 37mm.x 4g. @Rosa bebe semi-mate,1210-204,315
MM,Rubor Compacto Repuesto de 37mm.x 4g. @Salmón tornasolado,1210-205,315
MM,Rubor Compacto Repuesto de 37mm.x 4g. @Terracota Mate,1210-206,315
MM,Rubor Compacto Repuesto de 37mm.x 4g. @Tostado Mate,1210-207,315
MM,Rubor Compacto Repuesto de 37mm.x 4g. @Rosa Intenso Satinado,1210-208,315
MM,Rubor Compacto Repuesto de 37mm.x 4g. @Rosa Claro Mate,1210-209,315
MM,Rubor Compacto Repuesto de 37mm.x 4g. @Anaranjado claro semi - mate,1210-210,315
MM,Maquillaje Compacto Polvo Mate Petaca con Espejo x 10g. @Dulce de Leche,1300-02,550
MM,Maquillaje Compacto Polvo Mate Petaca con Espejo x 10g. @Dorado Terracota,1300-03,550
MM,Maquillaje Compacto Polvo Mate Petaca con Espejo x 10g. @Tonalizador Dorado,1300-05,550
MM,Maquillaje Compacto Polvo Mate Repuesto de 59mm x 10g. @Dorado Terracota,1300R-03,395
MM,Maquillaje Compacto Polvo Mate Repuesto de 59mm x 10g. @Tonalizador Dorado,1300R-05,395
MM,Polvo Compacto Microfinish Ultra HD Petaca con Espejo x 10g. @Blanco,1301-01,608
MM,Polvo Compacto Microfinish Ultra HD Petaca con Espejo x 10g. @Naranja,1301-02,608
MM,Polvo Compacto Microfinish Ultra HD Repuesto de 59mm x 10g. @Blanco,1301R-01,463
MM,Polvo Compacto Microfinish Ultra HD Repuesto de 59mm x 10g. @Naranja,1301R-02,463
MM,Maquillaje Compacto Polvo Satinado Petaca con  Tapa Cristal x 10g. @Efecto Bronceante NUEVO!!,1310D,585
MM,Maquillaje Compacto Polvo Satinado Petaca con Espejo x 10g. @Maquillaje Compacto  Polvo Satinado Tostado Terracota,1310-01,550
MM,Maquillaje Compacto Polvo Satinado Repuesto de 59mm x 10g. @Dulce de Leche,1310R-00,395
MM,Polvo Volátil Mate Polvera x 15g. @Marfil Translucido,1320-01,536
MM,Polvo Volátil Mate Polvera x 15g. @Natural Rosado Traslucido,1320-03,536
MM,"Labial Humectante Envase x 3,5g. @Fucsia",1500-502,295
MM,"Labial Humectante Envase x 3,5g. @Rosa Nude",1500-503,295
MM,"Labial Humectante Envase x 3,5g. @Beige Rosado",1500-504,295
MM,"Labial Humectante Envase x 3,5g. @Rosa Anaranjado",1500-506,295
MM,"Labial Humectante Envase x 3,5g. @Magenta Violáceo",1500-508,295
MM,"Labial Humectante Envase x 3,5g. @Beige Dulce de Leche",1500-511,295
MM,"Labial Humectante Envase x 3,5g. @Rosa Pastel",1500-513,295
MM,"Labial Humectante Envase x 3,5g. @Guinda",1500-522,295
MM,"Labial Humectante Envase x 3,5g. @Rosa Tornasol Oro Perlado",1500-525,295
MM,"Labial Humectante Envase x 3,5g. @Rojo Puro",1500-534,295
MM,"Labial Humectante Envase x 3,5g. @Uva",1500-535,295
MM,"Labial Mate Envase x 3,5g. @Nude",1500M-01,315
MM,"Labial Mate Envase x 3,5g. @Rojo",1500M-02,315
MM,"Labial Mate Envase x 3,5g. @Marsala",1500M-03,315
MM,"Labial Mate Envase x 3,5g. @Durazno",1500M-04,315
MM,"Labial Mate Envase x 3,5g. @Orquidea",1500M-05,315
MM,"Labial Mate Envase x 3,5g. @Fucsia",1500M-06,315
MM,"Labial Mate Envase x 3,5g. @Naranja",1500M-07,315
MM,"Labial Mate Envase x 3,5g. @Beige Nude",1500M-08,315
MM,"Labial Mate Envase x 3,5g. @Nude Rosado",1500M-09,315
MM,"Labial Mate Envase x 3,5g. @Rosa Suave",1500M-10,315
MM,"Labial Mate Envase x 3,5g. @Rosa Dior",1500M-11,315
MM,"Labial Mate Envase x 3,5g. @Coral Vibrante",1500M-12,315
MM,Set Desmaquillante y Humectante para labios 2 Potes x 4g .c/uno. @Desmaquillante para Labios + Balsamos humecto tratante,1504,675
MM,"Barra Correctiva HDF con Núcleo Tratante Envase x 3,5g. @Claro",1510-01,290
MM,"Barra Correctiva HDF con Núcleo Tratante Envase x 3,5g. @Oscuro",1510-02,290
MM,"Labial Vitamina Envase x 3,5g. @Rosado",1520-01,195
MM,"Labial Vitamina Envase x 3,5g. @Anaranjado",1520-02,195
MM,"Labial Vitamina Envase x 3,5g. @Coral",1520-03,195
MM,Labial Líquido Mate Botella con Aplicador x 6g. @Nude Piel,1524-01,415
MM,Labial Líquido Mate Botella con Aplicador x 6g. @Rojo Intenso,1524-02,415
MM,Brillo Labial Laca Larga Duración Botella con Aplicador x 8g. @Gloss Ultraliviano,1540-02,375
MM,Gel Reforzador para Pestañas y Cejas Botella  con Aplicador x 3g. @Gel Reforzador para  Pestañas y cejas Cristal,1600-00,295
MM,Máscara para Pestañas  a Prueba de Agua Botella con aplicador x 12g. @Negro,1610-01,215
MM,Máscara para Pestañas Dúo - Efecto Pestañas Postizas A prueba de agua HD. Botella con Aplicador Dúo x 7g. @Negro,1640-01,550
MM,Máscara para pestañas Extra Flex Apto HD Botella con Aplicador x 8g. @Negro,1650-01,450
MM,Maquillaje Cremoso Correctivo Pote x 15g. @Marfil,1700P-01,320
MM,Maquillaje Cremoso Correctivo Pote x 15g. @Beige Rosado,1700P-02,320
MM,Maquillaje Cremoso Correctivo Pote x 15g. @Beige Anaranjado,1700P-03,320
MM,Maquillaje Cremoso Correctivo Pote x 15g. @Beige Dorado,1700P-04,320
MM,Maquillaje Cremoso Correctivo Pote x 15g. @Tostado Claro,1700P-05,320
MM,Maquillaje Cremoso Correctivo Pote x 15g. @Beige Oscuro,1700P-06,320
MM,Maquillaje Cremoso Correctivo Pote x 15g. @Terracota Tostado,1700P-07,320
MM,Maquillaje Cremoso Correctivo Pote x 15g. @Marrón Café,1700P-11,320
MM,Maquillaje Cremoso Correctivo Repuesto de 33mm x 4g. @Marfil,1701R-01,185
MM,Maquillaje Cremoso Correctivo Repuesto de 33mm x 4g. @Beige Rosado,1701R-02,185
MM,Maquillaje Cremoso Correctivo Repuesto de 33mm x 4g. @Beige Dorado,1701R-04,185
MM,Maquillaje Cremoso Correctivo Repuesto de 33mm x 4g. @Tostado Claro,1701R-05,185
MM,Maquillaje Cremoso Correctivo Repuesto de 33mm x 4g. @Beige Oscuro,1701R-06,185
MM,Maquillaje Cremoso Correctivo Repuesto de 33mm x 4g. @Marrón Café,1701R-11,185
MM,Maquillaje Compacto al Agua Petaca con Espejo x 10g. @Marfil,1710-00,455
MM,Maquillaje Compacto al Agua Petaca con Espejo x 10g. @Dorado,1710-02,455
MM,Maquillaje Compacto al Agua Repuesto de 59mm x 10g. @Marfil,1710R-00,385
MM,Maquillaje Líquido Frasco con Dosificador   x 30g. @Marfil,1800-00,386
MM,Maquillaje Líquido Frasco con Dosificador   x 30g. @Canela,1800-01,386
MM,Maquillaje Líquido Frasco con Dosificador   x 30g. @Natural,1800-02,386
MM,Maquillaje Líquido Frasco con Dosificador   x 30g. @Natural Intermedio,1800-03,386
MM,Maquillaje Líquido Frasco con Dosificador   x 30g. @Dorado Claro,1800-05,386
MM,Maquillaje Líquido Frasco con Dosificador   x 30g. @Dorado Intermedio,1800-06,386
MM,Maquillaje Líquido Frasco con Dosificador   x 30g. @Tostado (Hasta Agotar Stock),1800-08,386
MM,Base Maquillaje Alta Definición Botella con dosificador x 20g. @Natural,1801-00,965
MM,Base Maquillaje Alta Definición Botella con dosificador x 20g. @Dorado,1801-01,965
MM,Base Maquillaje Alta Definición Botella con dosificador x 20g. @Tostado,1801-02,965
MM,Base en gotas ULTRA MATE Botella con gotero x 30g. @ULTRA MATE,1803-00,693
MM,Base en gotas ULTRA MATE Botella con gotero x 30g. @BEIGE NEUTRO,1803-01,595
MM,Maquillaje Líquido Reflectante Frasco con dosificador x 30g. @Natural,1820-01,195
MM,Maquillaje Líquido Efecto Polvo - HD Botella con dosificador x 20g. @Natural,1860-01,965
MM,Maquillaje Líquido Efecto Polvo - HD Botella con dosificador x 20g. @Dorado,1860-02,965
MM,Maquillaje Líquido Efecto Polvo - HD Botella con dosificador x 20g. @Tostado,1860-03,965
MM,MILA BB - Base Nude Pomo x 25g. @Tostado,1862-03,450
MM,Súper CC Maquillaje Mate Botella con dosificador x 20g. @Claro,1864-01,705
MM,Súper CC Maquillaje Mate Botella con dosificador x 20g. @Oscuro,1864-02,705
MM,"Tonalizador Correctivo (Pack 4 Unidades) Pote x 2,5g  (Art. Individual 2000P) @Salmon",2000P/2001P-03,985
MM,"Tonalizador Correctivo (Pack 4 Unidades) Pote x 2,5g  (Art. Individual 2000P) @Anaranjado",2000P/2001P-04,985
MM,"Tonalizador Correctivo (Pack 4 Unidades) Pote x 2,5g  (Art. Individual 2000P) @Amarillo",2000P/2001P-06,985
MM,"Tonalizador Correctivo (Pack 4 Unidades) Pote x 2,5g  (Art. Individual 2000P) @Marron Africano",2000P/2001P-09,985
MM,"Tonalizador Correctivo (Pack 4 Unidades) Pote x 2,5g  (Art. Individual 2000P) @Beige Amarillento",2000P/2001P- 11,985
MM,"Tonalizador Correctivo (Pack 4 Unidades) Pote x 2,5g  (Art. Individual 2000P) @Beige Grisado",2000P/2001P- 12,985
MM,"Tonalizador Correctivo (Pack 4 Unidades) Pote x 2,5g  (Art. Individual 2000P) @Beige Verdoso",2000P/2001P- 13,985
MM,Tonalizador Correctivo Repuesto de 33mm x 4g. @Salmón,2001P-03,215
MM,Tonalizador Correctivo Repuesto de 33mm x 4g. @Anaranjado,2001P-04,215
MM,Tonalizador Correctivo Repuesto de 33mm x 4g. @Amarillo,2001P-06,215
MM,Tonalizador Correctivo Repuesto de 33mm x 4g. @Beige Amarillento,2001P-11,215
MM,Tonalizador Correctivo Repuesto de 33mm x 4g. @Beige Grisado,2001P-12,215
MM,Maquillaje Compacto Polvo APTO HD Cartuchera  Dúo x 10g. c/u. @claro / oscuro.,2005P-01,1134
MM,Maquillaje Compacto Polvo APTO HD Cartuchera  Dúo x 10g. c/u. @Satinado 01/satinado 02 Dúo claro / oscuro.,2005P-02,1134
MM,"MILA PALETTE PRO ""TRANSICIÓN"" Sombra Compacta Paleta con  4 unidades x 4g. c/u @NUEVO!!",2018-01,1134
MM,Set para Labios y Rostro Petaca cristal con 8 bocas. ,2029,390
MM,Set para Labios ULTRA HD Labial Mate Estuche Acrilico 8 unidades x 7g. c/u @8 Tonos Atemporales mate apto para Decoracion de Labios,2050P,1670
MM,Sombra en Polvo Diamante - Cristales de Luz - Pote x 1g. @Arena Nacar,2152P-00,545
MM,Sombra en Polvo Diamante - Cristales de Luz - Pote x 1g. @Rosa cuarzo,2152P-01,545
MM,Sombra en Polvo Diamante - Cristales de Luz - Pote x 1g. @Durazno tornasol NUEVO!!,2152P-02,545
MM,Sombra en Polvo Diamante - Cristales de Luz - Pote x 1g. @Cobrizo granate NUEVO!!,2152P-03,545
MM,Sombra en Polvo Diamante - Cristales de Luz- Pote x 1g. @Verde Calipso,2152E,420
MM,Sombra en Polvo Diamante - Cristales de Luz- Pote x 1g. @Negro NUEVO!!,2152E-01,420
MM,Sombra en Polvo Diamante - Cristales de Luz- Pote x 1g. @Tomate NUEVO!!,2152E-02,420
MM,Sombra en Polvo Diamante - Cristales de Luz- Pote x 1g. @Azul NUEVO!!,2152E-03,420
MM,Sombra en Polvo Diamante - Cristales de Luz- Pote x 1g. @Malva NUEVO!!,2152E-04,420
MM,Sombra en Polvo Diamante - Cristales de Luz- Pote x 1g. @Peltre NUEVO!,2152E-05,420
MM,Sombra en Polvo Diamante - Cristales de Luz- Pote x 1g. @Chocolate NUEVO!!,2152E-06,420
MM,Sombra en Polvo Diamante - Cristales de Luz- Pote x 1g. @Violeta NUEVO!!,2152E-07,420
MM,Sombra en Polvo Perla Cristal Diamante Polvera x 1 g. @Oro,2153P-01,545
MM,Sombra en Polvo Perla Cristal Diamante Polvera x 1 g. @Plata,2153P-02,545
MM,Sombra en Polvo Perla Cristal Diamante Polvera x 1 g. @Tornasol,2153P-03,545
MM,Sombra en Polvo Perla Cristal Diamante Polvera x 1 g. @Anaranjado Tornasolado Rosa,2153P-04,545
MM,Polvo Volátil Pro Mineral Polverax  18g. @Mineral Marfil,2301P-01,695
MM,Polvo Volátil Pro Mineral Polverax  18g. @Mineral Beige Rosado,2301P-02,695
MM,Polvo Volátil  Pro Universal HD (Pack 2 Unidades + 2 Polveritas vacias x 8g.) c/u (Art. Individual 2300P)  ,2320P-01,1550
MM,Polvo Volátil Iridiscente Efecto Tornasol Polvera x 4g. @Oro,2330P-01,290
MM,Polvo Volátil Iridiscente Efecto Tornasol Polvera x 4g. @Plata,2330P-02,290
MM,Polvo Volátil Iridiscente Efecto Tornasol Polvera x 4g. @Dulce de leche NUEVO!!,2330P-03,290
MM,Polvo Volátil Tonalizador Satinado Polvera con dosificardor x 18g. @Natural,2331P-01,695
MM,Polvo Volátil Tonalizador Satinado Polvera con dosificardor x 18g. @Tostado,2331P-02,695
MM,Brillo Labial (PACK 3 UNIDADES) Botella con dosificador x 10g. (Art. Individual 2540P)  @Laca Cristal,2541P-00,1050
MM,Brillo Labial (PACK 3 UNIDADES) Botella con dosificador x 10g. (Art. Individual 2540P)  @Laca Gloss Ultra Liviano,2541P-02,1050
MM,Máscara para Pestañas  a Prueba de Agua Botella con aplicador x 12g. @Negro,2610-01,172
MM,Máscara para Pestañas  a Prueba de Agua Botella con aplicador x 12g. @Azul,2610-02,172
MM,Máscara para Pestañas  a Prueba de Agua Botella con aplicador x 12g. @Marron,2610-03,172
MM,Set de Bases Alta Cobertura ULTRA HD Estuche Acrilico - 7 unidades x 7g. c/u,2700P-01,1985
MM,Base de Maquillaje Siliconado Blur Efecto Photoshop Botella con dosificadorx 30g. @Claro,2802P-01,965
MM,Base de Maquillaje Siliconado Blur Efecto Photoshop Botella con dosificadorx 30g. @Medio,2802P-02,965
MM,Base de Maquillaje Siliconado Blur Efecto Photoshop Botella con dosificadorx 30g. @Oscuro,2802P-03,965
MM,Maquillaje Líquido Pigmento Puro Botella con gotero x 20g. @Blanco,2811P-01,345
MM,Maquillaje Líquido Pigmento Puro Botella con gotero x 20g. @Amarillo,2811P-06,345
MM,Maquillaje Líquido Pigmento Puro Botella con gotero x 20g. @Marrón Africano,2811P-09,345
MM,Sombra Cremosa Duo Pomada para Cejas Petaca Dúo x 4g. @Cejas EXTRA  CLARAS   NUEVO!!,2912P-00,495
MM,Sombra Cremosa Duo Pomada para Cejas Petaca Dúo x 4g. @Cejas OSCURAS,2912P-01,495
MM,Sombra Cremosa Duo Pomada para Cejas Petaca Dúo x 4g. @Cejas CLARAS,2912P-02,495
MM,Tonalizador Correctivo Paleta 15 unid. x 4 g. c/u),1003P,2200
MM,"Tonalizador Correctivo Mini paleta -6 unid. x 2,5 g. c/u @Arts. 2001P-01-05-03-04-07-08",1005P-01,729
MM,"Tonalizador Correctivo Mini paleta -6 unid. x 2,5 g. c/u @Arts. 2001P-06-11-12-02-13-09",1005P-02,729
MM,"Tonalizador Correctivo Mini paleta -6 unid. x 2,5 g. c/u @Arts. 1701R-01-02-05-06-07 / 2001P-12",1005P-03,729
MM,"PALETAS PROFESIONALES @Sombra Compacta - Paleta de tonos ""Fantasía"" -14 unid. (x 4g.c/u.) -FULL COLOR    ",1105P,3250
MM,"PALETAS PROFESIONALES @Sombra Compacta - Paleta de tonos ""Nude"" -14 unid. (x 4g.c/u.)   NUEVA COMBINACION",1106P,3250
MM,"PALETAS PROFESIONALES @Sombra Compacta - Paleta de tonos ""Nude Atemporal""-15 unid. (x 4g.c/u.) HD",1107P,3500
MM,"PALETAS PROFESIONALES @Sombra Compacta - Paleta de tonos de ""Temporada"" -15 unid. (x 4g.c/u.) HD NUEVA COMBINACION",1108P,3500
MM,"PALETAS PROFESIONALES @Sombra Compacta - Paleta de tonos de ""Temporada"" -15 unid. (x 4g.c/u.) HD",1109P,3500
MM,PALETAS PROFESIONALES @Rubor Compacto-  Paleta de rubores -14 tonos.( x 4g.c/u.),1200P,3500
MM,"PALETAS PROFESIONALES @Labial Humectante - Paleta de labiales -32 unid.( x 2,5g.c/u.)",1501P,1836
MM,Rubor Cremoso Paleta Multifunción- 15 tono x 4g.c/u. @LABIOS-POMULOS,1221P,1400
MM,"Labial Humectante Mini Paleta- 6 unid. x 2,5g.c/u. @Gama de Rosas",1502P-01,325
MM,"Labial Humectante Mini Paleta- 6 unid. x 2,5g.c/u. @Gama de Anaranjados",1502P-02,325
MM,"Labial Humectante Mini Paleta- 6 unid. x 2,5g.c/u. @Gama de Marrones",1502P-03,325
MM,"Labial Humectante Mini Paleta- 6 unid. x 2,5g.c/u. @Gama de Rojos",1502P-04,325
MM,"Labial Mate Mini Paleta- 6 unid. x 2,5g.c/u. @Gama de Rosas",1503P-01,475
MM,"Labial Mate Mini Paleta- 6 unid. x 2,5g.c/u. @Gama de Temporada",1503P-02,475
MM,Petaca  Negra Vacía para 1 Repuesto x 37mm. ( Pack x 6 Unidades)   Art. Individual 2020P,2022,516
MM,Kit con : Set de Bases Alta cobertura Ultra HD + Unificador de Texturas HD + Porta Cosmeticos CristalSalmon,2000P-03,257
MM,Kit con : Set de Bases Alta cobertura Ultra HD + Unificador de Texturas HD + Porta Cosmeticos CristalAnaranjado,2000P-04,257
MM,Kit con : Set de Bases Alta cobertura Ultra HD + Unificador de Texturas HD + Porta Cosmeticos CristalAmarillo,2000P-06,257
MM,Kit con : Set de Bases Alta cobertura Ultra HD + Unificador de Texturas HD + Porta Cosmeticos CristalMarron Africano,2000P-09,257
MM,Kit con : Set de Bases Alta cobertura Ultra HD + Unificador de Texturas HD + Porta Cosmeticos CristalBeige Amarillento,2000P-11,257
MM,Kit con : Set de Bases Alta cobertura Ultra HD + Unificador de Texturas HD + Porta Cosmeticos CristalBeige Grisado,2000P-12,257
MM,Kit con : Set de Bases Alta cobertura Ultra HD + Unificador de Texturas HD + Porta Cosmeticos CristalBeige Verdoso,2000P-13,257
MM,Polvo Volátil  Pro Universal HD + 1 Polverita vacias x 8g.,2300P,775
MM,Marrón Africano NUEVO FORMATO!!Laca Cristal ,2540P-00,350
MM,Marrón Africano NUEVO FORMATO!!Laca Gloss Ultra Liviano,2540P-02,350
MM,Petaca  Negra Vacía para 1 Repuesto x 37mm.,2020P,86
MP,Kit con : Set de Bases Alta cobertura Ultra HD + Unificador de Texturas HD + Porta Cosmeticos Cristal,5001,2465
MP,"Kit Perfector con efectos Mate y Luminico - Tendencia Dewy Glow    
1  Base en gotas ULTRA MATE + 3 Perlas en Polvo + Paleta Mezcladora + Porta Cosmeticos Cristal",5004,1785
MP,Diluyente Siliconado  -Apto HD Multifunción a Prueba de Agua (Gotero) x 20cc.,2013P,385
MP,Fluidificador de Texturas  -Apto HD (Botella con dosificador)  x 10g.,2014P,645
MP,Unificador de textura ULTRA HD (Botella con Gotero) x 20cc.,2112P,608
MP,Fijador Multifunción  -Apto HD  (Botella pulverizadora) x 55cc.,2113P,550
MP,Sombra Compacta Tratante Apta HD. Repuesto de 33 mm. x 4g. @Obispo Tornasol Satinado,1111-T01,275
MP,Sombra Compacta Tratante Apta HD. Repuesto de 33 mm. x 4g. @Rosa Satinado,1111-T02,275
MP,Sombra Compacta Tratante Apta HD. Repuesto de 33 mm. x 4g. @Obispo Tornasol Satinado,1111-T03,275
MP,Sombra Compacta Tratante Apta HD. Repuesto de 33 mm. x 4g. @Verde  Oliva Satinado,1111-T05,275
MP,Sombra Compacta Tratante Apta HD. Repuesto de 33 mm. x 4g. @Durazno  Satinado,1111-T06,275
MP,Sombra Compacta Tratante Apta HD. Repuesto de 33 mm. x 4g. @Cobre Intenso Tornasol Satinado,1111-T07,275
MP,Sombra Compacta Tratante Apta HD. Repuesto de 33 mm. x 4g. @Fucsia Chicle Tornasol  Satinado,1111-T09,275
MP,Sombra Compacta Tratante Apta HD. Repuesto de 33 mm. x 4g. @Negro Mate,1111-T10,275
MP,Sombra Compacta Tratante Apta HD. Repuesto de 33 mm. x 4g. @Blanco Mate,1111-T11,275
MP,Sombra Compacta Tratante Apta HD. Repuesto de 33 mm. x 4g. @Arena Tornasol Satinado,1111-T13,275
MP,Sombra Compacta Tratante Apta HD. Repuesto de 33 mm. x 4g. @Blanco dorado Tornasol Satinado,1111-T19,275
MP,Sombra Compacta Tratante Apta HD. Repuesto de 33 mm. x 4g. @Bronce Oliva Tornasol Satinado,1111-T22,275
MP,Sombra Compacta Tratante Apta HD. Repuesto de 33 mm. x 4g. @Celeste Tornasol Satinado,1111-T26,275
MP,Sombra Compacta Tratante Apta HD. Repuesto de 33 mm. x 4g. @Dulce de Leche Semi Mate,1111-T32,275
MP,Sombra Compacta Tratante Apta HD. Repuesto de 33 mm. x 4g. @Marrón  Agrisado Semi Mate,1111-T33,275
MP,Sombra Compacta Tratante Apta HD. Repuesto de 33 mm. x 4g. @Azul Profundo Tornasolado,1111-T35,275
MP,Sombra Compacta Tratante Apta HD. Repuesto de 33 mm. x 4g. @Marfil Mate,1111-T37,275
MP,Sombra Compacta Tratante Apta HD. Repuesto de 33 mm. x 4g. @Nude Semi Mate,1111-T38,275
MP,Sombra Compacta Tratante Apta HD. Repuesto de 33 mm. x 4g. @Habano Claro Mate,1111-T39,275
MP,Sombra Compacta Tratante Apta HD. Repuesto de 33 mm. x 4g. @Chocolate Mate,1111-T40,275
MP,Sombra Compacta Tratante Apta HD. Repuesto de 33 mm. x 4g. @Gris Mate NUEVO!!,1111-T41,275
MP,Sombra Compacta Tratante Apta HD. Repuesto de 33 mm. x 4g. @Tornasol Rosa Mate,1111-T42,275
MP,Sombra Compacta Tratante Apta HD. Repuesto de 33 mm. x 4g. @Té con Leche Mate,1111-T43,275
MP,Sombra Compacta Tratante Apta HD. Repuesto de 33 mm. x 4g. @Plata Metálico,1111-T44,275
MP,Sombra Compacta Tratante Apta HD. Repuesto de 33 mm. x 4g. @Amarillo Patito Mate,1111-T47,275
MP,Sombra Compacta Tratante Apta HD. Repuesto de 33 mm. x 4g. @Salmón Mate,1111-T48,275
MP,Sombra Compacta Tratante Apta HD. Repuesto de 33 mm. x 4g. @Manteca Mate,1111-T49,275
MP,Sombra en Polvo Pigmento Puro Polvera x 2g. @Sandia,1143P-17,200
MP,Sombra en Polvo Perla Pote x 1g. @Azul,1152P-03,280
MP,Sombra en Polvo Perla Pote x 1g. @Fucsia,1152P-05,280
MP,Sombra en Polvo Perla Pote x 1g. @Arena tornasol satinado,1152P-09,280
MP,Sombra en Polvo Perla Pote x 1g. @Tornasol Oro,1152P-11,280
MP,Maquillaje Compacto Polvo Mate Efecto BLUR - Repuesto de 59mm x 10g @Amarillo,2010R-01,463
MP,Maquillaje Compacto Polvo Mate HD Siliconado Repuesto de 59mm x 10g. @Claro,2011P-M01,450
MP,Maquillaje Compacto Polvo Mate HD Siliconado Repuesto de 59mm x 10g. @Oscuro,2011P-M02,450
MP,Maquillaje Compacto Polvo Satinado HD Siliconado Repuesto de 59mm x 10g. @Claro,2011P-S01,450
MP,Maquillaje Compacto Polvo Satinado HD Siliconado Repuesto de 59mm x 10g. @Oscuro,2011P-S02,450
MP,"Pre Base para párpados Apto HD (Pack 3 Unidades) Petaca x 3,5g. (Art. Individual 2110P) @Natural",2111P-00,1040
MP,"Pre Base para Labios Cristal HD Envase x 3,5g.",2510P,493
MP,Pigmentador Humectante (Pack  4 Unidades) Pote x 4g. (Art. Individual 1550P) @Blanco,2550P-00,1100
MP,Mascara para Pestañas Pro Base Extensora Botella con aplicadorx 12g.,2600P-00,265
MP,Maquillaje Hidratante Siliconado - HD. Botella con dosificadorx 30g. @Marfil Extra Claro.,2801P-00,1050
MP,Maquillaje Hidratante Siliconado - HD. Botella con dosificadorx 30g. @Marfil,2801P-01,1050
MP,Maquillaje Hidratante Siliconado - HD. Botella con dosificadorx 30g. @Caramelo,2801P-02,1050
MP,Maquillaje Hidratante Siliconado - HD. Botella con dosificadorx 30g. @Tostado,2801P-03,1050
MP,Maquillaje Hidratante Siliconado - HD. Botella con dosificadorx 30g. @Dulce de leche  NUEVO!!,2801P-04,1050
MP,Maquillaje Hidratante Siliconado Corrector Siliconado HD Botella con aplicador x 10g. @Beige Claro.,2812P-00,455
MP,Maquillaje Hidratante Siliconado Corrector Siliconado HD Botella con aplicador x 10g. @Beige Neutro,2812P-01,455
MP,Maquillaje Humectante Satinado Botella con dosificador x 55g. @Nacarado,2850P-01,600
MP,Maquillaje Humectante Satinado Botella con dosificador x 55g. @Tostado,2850P-02,600
MP,Delineador en Gel Apto HD (Pack  4 Unidades) Pote x 4g. (Art. Individual 1911P) ,2901P-01,1225
MP,2911P - Sombra Cremosa Apto HD (Pack  3 Unidades) Pote x 4g. (Art. individual 2910P) @Negro,2911P-01,645
MP,2911P - Sombra Cremosa Apto HD (Pack  3 Unidades) Pote x 4g. (Art. individual 2910P) @Azul,2911P-02,645
MP,2911P - Sombra Cremosa Apto HD (Pack  3 Unidades) Pote x 4g. (Art. individual 2910P) @Marron,2911P-03,645
MP,Delineador Líquido  Tinta (Pack  3 Unidades) - Botella x 6g.  (Art. Individual 2920P) @Blanco,2921P-00,516
MP,Delineador Líquido  Tinta (Pack  3 Unidades) - Botella x 6g.  (Art. Individual 2920P) @Negro,2921P-01,516
MP,Pre Base Fijadora para Cejas - A prueba de agua - Pote x 5gr. @Neutra,2913P,345
MP,Maquillaje Cremoso Paleta 15 unid. x 4 g. c/u @Visagismo,1007P,1322
MP,Petaca Blanca  Vacía para 1 Repuesto x 33mm.  (Pack x 6 Unidades)  Art. Individual 2021P,2021,516
MP,Blister Dúo para repuestos de 33mm. (Pack x 2 Unidades)  - Art. Individual 2030,2031,70
MP,ACCESORIOS PROFESIONALES @Cartuchera Vacía para 6 repuestos de 33mm.,2003P,395
MP,ACCESORIOS PROFESIONALES @Cartuchera vacía imantada con zocalo para todas las medidas de repuestos (Grande),2004Z,550
MP,ACCESORIOS PROFESIONALES @Kit Pro Acrílico para Mezclas  (Soporte / Espátula de ACERO INOXIDABLE),2017E,685
MP,ACCESORIOS PROFESIONALES @Paleta Pro para Mezclas (Soporte Acrílico Cristal Rectangular)  Sin Espátula,2017P,350
MP,ACCESORIOS PROFESIONALES @Cartuchera vacía imantada con zocalo para todas las medidas de repuestos  (Mediana) NUEVO!!,2019Z,450
MP,ACCESORIOS PROFESIONALES @Petaca con Espejo Vacía para 1 Repuesto de 59mm.,2023,193
MP,ACCESORIOS PROFESIONALES @Petaca con Espejo Vacía imantada con zocalo todas las medidas de repuestos,2024Z,150
MP,Bolsas Ecológicas -  PACK 10 UNIDADES 30x38 cm. de Friselina con  Manijas y Logo  ART. INDIVIDUAL 410,401,125
MP,Bolsas Ecológicas  15x20 cm. de Friselina y Logo PACK 10 UNIDADES ART. INDIVIDUAL 411,402,50
MP,"Pre Base para párpados Apto HD Petaca x 3,5g. @Natural",2110P,365
MP,Pigmentador Humectante Pote x 4g. @Blanco,1550P,275
MP,Delineador en Gel Apto HD Pote x 4g.,1911P,322
MP,Sombra Compacta Highlight Soft Petaca x 4g. @Negro,2910P-01,215
MP,Sombra Compacta Highlight Soft Petaca x 4g. @Azul,2910P-02,215
MP,Sombra Compacta Highlight Soft Petaca x 4g. @Marron,2910P-03,215
MP,Marfil SatinadoBlanco,2920P-00,172
MP,Marfil SatinadoNegro,2920P-01,172
MP,Petaca Blanca Vacía para 1 Repuesto x 33mm. ,2021P,86
MP,Blister Dúo para repuestos de 33mm.,2030,35
MP,Bolsas Ecológicas 30x38 cm. de Friselina con  Manijas y Logo  ,410,13
MP,Bolsas Ecológicas 15x20 cm. de Friselina y Logo,411,5