categ_id,name,ext_code,default_code,lst_price
MM,"Kit Escuela de 3 Paletas-Art.- 1107P - 1108P- 1221P- (30 tonos de sombras, 15 tonos de cremoso multifuncion labios y pomulos.",,3005P,6000.00
MM,Diluyente para Sombra  - Apto HD  (Botella con dosificador) x 10cc.,,2015P,230.00
MM,Tonalizador Correctivo Corrector Cremoso Duo - Petaca Dúo x 4g. @Beige Amarillento / Beige grisado,,1000-01,290.00
MM,Tonalizador Correctivo Corrector Cremoso Duo - Petaca Dúo x 4g. @Salmón / Tostado,,1000-02,290.00
MM,Fluidificador de texturas Pre Base de Maquillaje Botella con dosificador x 20g.,,1014,660.00
MM,Pre Base Matificante Ultra HD Boltella con dosificador x 19g. @Claro,,1015-01,660.00
MM,Pre Base Matificante Ultra HD Boltella con dosificador x 19g. @Oscuro,,1015-02,660.00
MM,Sombra Compacta Hiperpigmentadas Repuesto de 37 mm. x 4g. @Rosa Perlado,a,1110-106,172.00
MM,Sombra Compacta Hiperpigmentadas Repuesto de 37 mm. x 4g. @Rosa Bebe Satinado,a,1110-108,172.00
MM,Sombra Compacta Hiperpigmentadas Repuesto de 37 mm. x 4g. @Anaranjado Claro Satinado,a,1110-109,172.00
MM,Sombra Compacta Hiperpigmentadas Repuesto de 37 mm. x 4g. @Verde Musgo Perlado,a,1110-110,172.00
MM,Sombra Compacta Hiperpigmentadas Repuesto de 37 mm. x 4g. @Azul  Intenso Satinado,a,1110-111,172.00
MM,Sombra Compacta Hiperpigmentadas Repuesto de 37 mm. x 4g. @Celeste Perlado,a,1110-112,172.00
MM,Sombra Compacta Hiperpigmentadas Repuesto de 37 mm. x 4g. @Cobre Satinado,a,1110-114,172.00
MM,Sombra Compacta Hiperpigmentadas Repuesto de 37 mm. x 4g. @Habano Satinado,a,1110-115,172.00
MM,Sombra Compacta Hiperpigmentadas Repuesto de 37 mm. x 4g. @Marfil Satinado,a,1110-116,172.00
MM,Sombra Compacta Hiperpigmentadas Repuesto de 37 mm. x 4g. @Rosa Mate,a,1110-118,172.00
MM,Sombra Compacta Hiperpigmentadas Repuesto de 37 mm. x 4g. @Blanco Perlado,a,1110-124,172.00
MM,Sombra Compacta Hiperpigmentadas Repuesto de 37 mm. x 4g. @Violeta Satinado,a,1110-127,172.00
MM,Sombra Compacta Hiperpigmentadas Repuesto de 37 mm. x 4g. @Terracota Satinado,a,1110-128,172.00
MM,Sombra Compacta Hiperpigmentadas Repuesto de 37 mm. x 4g. @Rosa Bebe Semi-Mate,a,1110-129,172.00
MM,Sombra Compacta Hiperpigmentadas Repuesto de 37 mm. x 4g. @Oro Verde Satinado,a,1110-132,172.00
MM,Sombra Compacta Hiperpigmentadas Repuesto de 37 mm. x 4g. @Rosado Tornasol,a,1110-134,172.00
MM,Sombra Compacta Hiperpigmentadas Repuesto de 37 mm. x 4g. @Manteca Semi-Mate,a,1110-135,172.00
MM,Sombra Compacta Hiperpigmentadas Repuesto de 37 mm. x 4g. @Camel Intenso Satinado,a,1110-136,172.00
MM,Sombra Compacta Hiperpigmentadas Repuesto de 37 mm. x 4g. @Marrón Grisado,a,1110-139,172.00
MM,Sombra Compacta Hiperpigmentadas Repuesto de 37 mm. x 4g. @Verde Semi-Mate,a,1110-140,172.00
MM,Sombra Compacta Hiperpigmentadas Repuesto de 37 mm. x 4g. @Rosa Semi-Mate,a,1110-141,172.00
MM,Sombra Compacta Hiperpigmentadas Repuesto de 37 mm. x 4g. @Bronce Satinado,a,1110-143,172.00
MM,Sombra Compacta Hiperpigmentadas Repuesto de 37 mm. x 4g. @Rosa Salmón Semimate,a,1110-144,172.00
MM,Sombra Compacta Hiperpigmentadas Repuesto de 37 mm. x 4g. @Champagne Satinado,a,1110-CHS,172.00
MM,Sombra Compacta Hiperpigmentadas Repuesto de 37 mm. x 4g. @Turquesa Satinado Intenso,a,1110-TUS,172.00
MM,Sombra Compacta Hiperpigmentadas Repuesto de 37 mm. x 4g. @Gris Satinado,a,1110-GRS,172.00
MM,Sombra Compacta Hiperpigmentadas Repuesto de 37 mm. x 4g. @Limón Satinado,a,1110-LIS,172.00
MM,Sombra Compacta Apta HD. Hiperpigmentada Repuesto de 33mm x 4g. @Dorada Intenso,b,1110-101,172.00
MM,Sombra Compacta Apta HD. Hiperpigmentada Repuesto de 33mm x 4g. @Chocolate Mate,b,1110-102,172.00
MM,Sombra Compacta Apta HD. Hiperpigmentada Repuesto de 33mm x 4g. @Borravino Satinado,b,1110-103,172.00
MM,Sombra Compacta Apta HD. Hiperpigmentada Repuesto de 33mm x 4g. @Tostado Mate,b,1110-117,172.00
MM,Sombra Compacta Apta HD. Hiperpigmentada Repuesto de 33mm x 4g. @Beige Mate,b,1110-119,172.00
MM,Sombra Compacta Apta HD. Hiperpigmentada Repuesto de 33mm x 4g. @Natural Mate,b,1110-123,172.00
MM,Sombra Compacta Apta HD. Hiperpigmentada Repuesto de 33mm x 4g. @Anaranjado Pastel Mate,b,1110-126,172.00
MM,Sombra Compacta Apta HD. Hiperpigmentada Repuesto de 33mm x 4g. @Bordeaux Amarronado,b,1110-137,172.00
MM,Sombra Compacta Hiperpigmentada Fantasia Repuesto de 37 mm. x 4g. @Fucsia Intenso Mate,c,1110-F03,200.00
MM,Sombra Compacta Hiperpigmentada Fantasia Repuesto de 37 mm. x 4g. @Anaranjado Coral Mate,c,1110-F05,200.00
MM,Sombra Compacta Hiperpigmentada Fantasia Repuesto de 37 mm. x 4g. @Fucsia Intenso Satinado,c,1110-F06,200.00
MM,Sombra Compacta Hiperpigmentada Fantasia Repuesto de 37 mm. x 4g. @Mostaza Satinado,c,1110-F07,200.00
MM,Sombra Compacta Hiperpigmentada Fantasia Repuesto de 37 mm. x 4g. @Dorado Satinado,c,1110-F08,200.00
MM,Sombra Compacta Hiperpigmentada Fantasia Repuesto de 37 mm. x 4g. @Petróleo Intenso Satinado,c,1110-F09,172.00
MM,Sombra Compacta Hiperpigmentada Fantasia Repuesto de 37 mm. x 4g. @Verde Pastel mate,c,1110-F10,200.00
MM,Sombra Compacta Hiperpigmentada Fantasia Repuesto de 37 mm. x 4g. @Amarillo Intenso Mate,c,1110-F11,172.00
MM,Sombra Compacta Hiperpigmentada Puros Repuesto de 37 mm. x 4g. @Negro Mate,d,1110-P01,200.00
MM,Sombra Compacta Hiperpigmentada Puros Repuesto de 37 mm. x 4g. @Blanco Mate,d,1110-P02,200.00
MM,Sombra Compacta Hiperpigmentada Puros Repuesto de 37 mm. x 4g. @Amarillo Mate,d,1110-P03,200.00
MM,Sombra Compacta Hiperpigmentada Puros Repuesto de 37 mm. x 4g. @Azul Intenso Mate,d,1110-P05,172.00
MM,Sombra Compacta Hiperpigmentada Puros Repuesto de 37 mm. x 4g. @Azul Eléctrico Satinado,d,1110-P06,200.00
MM,Sombra Compacta Hiperpigmentada Puros Repuesto de 37 mm. x 4g. @Lila Satinado,d,1110-P08,172.00
MM,Sombra Compacta Hiperpigmentada Puros Repuesto de 33 mm. x 4g. @Verde Mate,e,1110-P09,200.00
MM,Sombra Compacta Apta HD. Reflectante Repuesto de 37 mm. x 4gr. @Gris Tiza con Perla Plata,f,1110-R01,172.00
MM,Sombra Compacta Apta HD. Reflectante Repuesto de 37 mm. x 4gr. @Blanco con Perla Plata,f,1110-R03,172.00
MM,Sombra Compacta Apta HD. Reflectante Repuesto de 37 mm. x 4gr. @Negro Réflex,f,1110-R05,172.00
MM,Sombra Compacta Apta HD. Reflectante Repuesto de 37 mm. x 4gr. @Petróleo Intenso Réflex,f,1110-R06,172.00
MM,Sombra Compacta Apta HD. Siliconadas - Metalizadas Repuesto de 37 mm. x 4gr. @Oro Claro Metalizado,g,1110-S02,210.00
MM,Sombra Compacta Apta HD. Siliconadas - Metalizadas Repuesto de 37 mm. x 4gr. @Azul Zafiro Metalizado,g,1110-S04,172.00
MM,Sombra Compacta Apta HD. Siliconadas - Metalizadas Repuesto de 37 mm. x 4gr. @Rosa Tornasol Metalizado,g,1110-S06,172.00
MM,Sombra Compacta Apta HD. Siliconadas - Metalizadas Repuesto de 37 mm. x 4gr. @Lila Tornasol Metalizado,g,1110-S08,210.00
MM,Sombra Compacta Apta HD. Siliconadas - Metalizadas Repuesto de 37 mm. x 4gr. @Plata Metalizado,g,1110-S10,210.00
MM,Mila BB - Base Nude Pre Base neutra Pomo x 25g,,1114,372.00
MM,Mila BB - Base lumínica - PROXIMAMENTE - Efecto Strobing Pomo x 25g,,1115,0.00
MM,Sombra en Polvo Pigmento Puro Polvera x 2g. @Negro,,1143P-01,228.00
MM,Sombra en Polvo Pigmento Puro Polvera x 2g. @Verde Manzana,,1143P-08,228.00
MM,Sombra en Polvo Pigmento Puro Polvera x 2g. @Rojo,,1143P-10,228.00
MM,Sombra en Polvo Pigmento Puro Polvera x 2g. @Amarillo,,1143P-11,228.00
MM,Sombra en Polvo Pigmento Puro Polvera x 2g. @Azul,,1143P-12,228.00
MM,Sombra en Polvo Pigmento Puro Polvera x 2g. @Anaranjado  Fluo,,1143P-13,228.00
MM,Sombra en Polvo Pigmento Puro Polvera x 2g. @Verde Esmeralda,,1143P-14,172.00
MM,Sombra en Polvo Pigmento Puro Polvera x 2g. @Fucsia Magenta,,1143P-15,172.00
MM,Sombra en Polvo Perla Pote x 1g. @Dorado,,1152P-01,235.00
MM,Sombra en Polvo Perla Pote x 1g. @Cobre,,1152P-02,235.00
MM,Sombra en Polvo Perla Pote x 1g. @Rosa Dorado,,1152P-04,235.00
MM,Sombra en Polvo Perla Pote x 1g. @Rojizo,,1152P-06,235.00
MM,Sombra en Polvo Perla Pote x 1g. @Plata Metálico,,1152P-12,235.00
MM,Rubor Compacto Repuesto de 37mm.x 4g. @Rosa Satinado,,1210-201,210.00
MM,Rubor Compacto Repuesto de 37mm.x 4g. @Salmón Satinado,,1210-202,210.00
MM,Rubor Compacto Repuesto de 37mm.x 4g. @Marrón Claro Satinado,,1210-203,210.00
MM,Rubor Compacto Repuesto de 37mm.x 4g. @Rosa bebe semi-mate,,1210-204,210.00
MM,Rubor Compacto Repuesto de 37mm.x 4g. @Salmón tornasolado,,1210-205,210.00
MM,Rubor Compacto Repuesto de 37mm.x 4g. @Terracota Mate,,1210-206,210.00
MM,Rubor Compacto Repuesto de 37mm.x 4g. @Tostado Mate,,1210-207,210.00
MM,Rubor Compacto Repuesto de 37mm.x 4g. @Rosa Intenso Satinado,,1210-208,210.00
MM,Rubor Compacto Repuesto de 37mm.x 4g. @Rosa Claro Mate,,1210-209,210.00
MM,Rubor Compacto Repuesto de 37mm.x 4g. @Anaranjado claro semi - mate,,1210-210,210.00
MM,Rubor Compacto Repuesto de 37mm.x 4g. @Rosa Alilado,,1210-211,210.00
MM,Maquillaje Compacto Polvo Mate Petaca con Espejo x 10g. @Natural,,1300-01,375.00
MM,Maquillaje Compacto Polvo Mate Petaca con Espejo x 10g. @Dulce de Leche,,1300-02,375.00
MM,Maquillaje Compacto Polvo Mate Petaca con Espejo x 10g. @Dorado Terracota,,1300-03,375.00
MM,Maquillaje Compacto Polvo Mate Petaca con Espejo x 10g. @Tonalizador Dorado,,1300-05,375.00
MM,Maquillaje Compacto Polvo Mate Repuesto de 59mm x 10g. @Natural,,1300R-01,240.00
MM,Maquillaje Compacto Polvo Mate Repuesto de 59mm x 10g. @Dulce de Leche,,1300R-02,240.00
MM,Maquillaje Compacto Polvo Mate Repuesto de 59mm x 10g. @Dorado Terracota,,1300R-03,240.00
MM,Maquillaje Compacto Polvo Mate Repuesto de 59mm x 10g. @Tonalizador Dorado,,1300R-05,240.00
MM,Polvo Compacto Microfinish Ultra HD Petaca con Espejo x 10g. @Blanco - REFORMULADO,,1301-01,490.00
MM,Polvo Compacto Microfinish Ultra HD Petaca con Espejo x 10g. @Naranja,,1301-02,490.00
MM,Polvo Compacto Microfinish Ultra HD Repuesto de 59 mm x 10g. @Blanco - REFORMULADO,,1301R-01,310.00
MM,Polvo Compacto Microfinish Ultra HD Repuesto de 59 mm x 10g. @Naranja,,1301R-02,310.00
MM,Maquillaje Compacto Polvo Satinado Petaca con Espejo x 10g. @Dulce de leche,,1310-00,375.00
MM,Maquillaje Compacto Polvo Satinado Petaca con Espejo x 10g. @Tostado Terracota,,1310-01,375.00
MM,Maquillaje Compacto Polvo Satinado Petaca con Espejo x 10g. @Tostado Intenso,,1310-02,375.00
MM,Maquillaje Compacto Polvo Satinado Repuesto de 59mm x 10g. @Dulce de leche,,1310R-00,240.00
MM,Maquillaje Compacto Polvo Satinado Repuesto de 59mm x 10g. @Tostado Terracota,,1310R-01,240.00
MM,Maquillaje Compacto Polvo Satinado Repuesto de 59mm x 10g. @Tostado Intenso,,1310R-02,240.00
MM,Polvo Volátil MATE Polvera x 15g. @Marfil Translucido,,1320-01,440.00
MM,Polvo Volátil MATE Polvera x 15g. @Natural Rosado Traslucido,,1320-03,440.00
MM,"Labial Humectante Envase x 3,5g. @Coral",,1500-501,243.00
MM,"Labial Humectante Envase x 3,5g. @Fucsia",,1500-502,243.00
MM,"Labial Humectante Envase x 3,5g. @Rosa Nude",,1500-503,243.00
MM,"Labial Humectante Envase x 3,5g. @Beige Rosado",,1500-504,243.00
MM,"Labial Humectante Envase x 3,5g. @Dorado Suave",,1500-505,243.00
MM,"Labial Humectante Envase x 3,5g. @Rosa Anaranjado",,1500-506,200.00
MM,"Labial Humectante Envase x 3,5g. @Coral Anaranjado",,1500-507,200.00
MM,"Labial Humectante Envase x 3,5g. @Magenta Violáceo",,1500-508,243.00
MM,"Labial Humectante Envase x 3,5g. @Bronce Oscuro",,1500-509,200.00
MM,"Labial Humectante Envase x 3,5g. @Rojizo Perlado",,1500-510,243.00
MM,"Labial Humectante Envase x 3,5g. @Beige Dulce de Leche",,1500-511,243.00
MM,"Labial Humectante Envase x 3,5g. @Beige Rosado",,1500-512,243.00
MM,"Labial Humectante Envase x 3,5g. @Rosa Pastel",,1500-513,243.00
MM,"Labial Humectante Envase x 3,5g. @Colorado Bronce",,1500-516,243.00
MM,"Labial Humectante Envase x 3,5g. @Rojizo Intenso",,1500-517,243.00
MM,"Labial Humectante Envase x 3,5g. @Coral Rojizo",,1500-518,243.00
MM,"Labial Humectante Envase x 3,5g. @Beige Naranja Claro Suave",,1500-519,243.00
MM,"Labial Humectante Envase x 3,5g. @Rosa Perlado Traslúcido",,1500-520,200.00
MM,"Labial Humectante Envase x 3,5g. @Salmón Perlado",,1500-521,200.00
MM,"Labial Humectante Envase x 3,5g. @Guinda",,1500-522,200.00
MM,"Labial Humectante Envase x 3,5g. @Rosa Tornasol Oro Perlado",,1500-525,200.00
MM,"Labial Humectante Envase x 3,5g. @Beige Nude",,1500-528,200.00
MM,"Labial Humectante Envase x 3,5g. @Coral Claro",,1500-529,200.00
MM,"Labial Humectante Envase x 3,5g. @Violeta Claro",,1500-531,200.00
MM,"Labial Humectante Envase x 3,5g. @Anaranjado",,1500-532,200.00
MM,"Labial Humectante Envase x 3,5g. @Rojo Puro",,1500-534,243.00
MM,"Labial Humectante Envase x 3,5g. @Uva",,1500-535,243.00
MM,"Labial Humectante Envase x 3,5g. @Durazno",,1500-536,243.00
MM,"Labial Humectante Envase x 3,5g. @Canela",,1500-537,200.00
MM,"Labial Humectante Envase x 3,5g. @Rosa Dior",,1500-538,243.00
MM,"Labial Mate Envase x 3,5g. @Nude",,1500M-01,315.00
MM,"Labial Mate Envase x 3,5g. @Rojo",,1500M-02,315.00
MM,"Labial Mate Envase x 3,5g. @Marsala",,1500M-03,315.00
MM,"Labial Mate Envase x 3,5g. @Durazno",,1500M-04,315.00
MM,"Labial Mate Envase x 3,5g. @Orquidea",,1500M-05,315.00
MM,"Labial Mate Envase x 3,5g. @Fucsia",,1500M-06,315.00
MM,"Labial Mate Envase x 3,5g. @Naranja",,1500M-07,315.00
MM,"Labial Mate Envase x 3,5g. @Beige Nude",,1500M-08,315.00
MM,"Labial Mate Envase x 3,5g. @Nude Rosado",,1500M-09,315.00
MM,"Labial Mate Envase x 3,5g. @Rosa Suave",,1500M-10,315.00
MM,"Labial Mate Envase x 3,5g. @Rosa Dior",,1500M-11,315.00
MM,"Labial Mate Envase x 3,5g. @Coral Vibrante",,1500M-12,315.00
MM,Set Desmaquillante y humectante para labios 2-Potes x 4g . C/Uno.,,1504,500.00
MM,"Barra Correctiva HDF con Núcleo Tratante Envase x 3,5g. @Claro",,1510-01,200.00
MM,"Barra Correctiva HDF con Núcleo Tratante Envase x 3,5g. @Oscuro",,1510-02,200.00
MM,"Brillo Labial  Envase con dosificador x 2,5g. @Rosa Nude",,1523-01,300.00
MM,"Brillo Labial  Envase con dosificador x 2,5g. @Marsala",,1523-02,300.00
MM,Labial Líquido Mate Botella con Aplicador x 6g. @Nude Piel,,1524-01,350.00
MM,Labial Líquido Mate Botella con Aplicador x 6g. @Rojo Intenso,,1524-02,350.00
MM,Labial Líquido Mate Botella con Aplicador x 6g. @Fucsia Vibrante,,1524-03,350.00
MM,Labial Líquido Mate Botella con Aplicador x 6g. @Violeta Obispo,,1524-04,350.00
MM,Brillo Labial Laca Larga Duración Botella con Aplicador x 8g. @Cristal,,1540-00,228.00
MM,Brillo Labial Laca Larga Duración Botella con Aplicador x 8g. @Gloss Ultraliviano,,1540-02,228.00
MM,Gel Reforzador para Pestañas y Cejas Botella x 3g. Cristal,,1600-00,300.00
MM,Máscara para Pestañas  Aprueba de Agua Botella con aplicador x 12g. Negro,,1610-01,215.00
MM,"Máscara para Pestañas Extra Volumen Botella x 3,5 g. Negro",,1630-01,275.00
MM,Máscara para Pestañas Dúo Efecto Pestañas Postizas a prueba de agua HD. Botella con Aplicador Dúo x 7g. Pre Base extensora + Máscara Negra,,1640-01,450.00
MM,Máscara para pestañas Extra Flex HD Botella con aplicador x 8g.Negro,,1650-01,238.00
MM,Maquillaje Cremoso Correctivo Pote x 15g. @Marfil,,1700P-01,400.00
MM,Maquillaje Cremoso Correctivo Pote x 15g. @Beige Rosado,,1700P-02,400.00
MM,Maquillaje Cremoso Correctivo Pote x 15g. @Beige Anaranjado,,1700P-03,400.00
MM,Maquillaje Cremoso Correctivo Pote x 15g. @Beige Dorado,,1700P-04,400.00
MM,Maquillaje Cremoso Correctivo Pote x 15g. @Tostado Claro,,1700P-05,400.00
MM,Maquillaje Cremoso Correctivo Pote x 15g. @Beige Oscuro,,1700P-06,400.00
MM,Maquillaje Cremoso Correctivo Pote x 15g. @Terracota Tostado,,1700P-07,400.00
MM,Maquillaje Cremoso Correctivo Pote x 15g. @Tostado,,1700P-08,400.00
MM,Maquillaje Cremoso Correctivo Pote x 15g. @Tostado Bronce,,1700P-09,400.00
MM,Maquillaje Cremoso Correctivo Pote x 15g. @Marrón Chocolate,,1700P-10,400.00
MM,Maquillaje Cremoso Correctivo Pote x 15g. @Marrón Café,,1700P-11,400.00
MM,Maquillaje Cremoso Correctivo Repuesto de 33mm x 4g. @Marfil,,1701R-01,215.00
MM,Maquillaje Cremoso Correctivo Repuesto de 33mm x 4g. @Beige Rosado,,1701R-02,215.00
MM,Maquillaje Cremoso Correctivo Repuesto de 33mm x 4g. @Beige Anaranjado,,1701R-03,215.00
MM,Maquillaje Cremoso Correctivo Repuesto de 33mm x 4g. @Beige Dorado,,1701R-04,215.00
MM,Maquillaje Cremoso Correctivo Repuesto de 33mm x 4g. @Tostado Claro,,1701R-05,215.00
MM,Maquillaje Cremoso Correctivo Repuesto de 33mm x 4g. @Beige Oscuro,,1701R-06,215.00
MM,Maquillaje Cremoso Correctivo Repuesto de 33mm x 4g. @Terracota Tostado,,1701R-07,215.00
MM,Maquillaje Cremoso Correctivo Repuesto de 33mm x 4g. @Tostado,,1701R-08,172.00
MM,Maquillaje Cremoso Correctivo Repuesto de 33mm x 4g. @Tostado Bronce,,1701R-09,172.00
MM,Maquillaje Cremoso Correctivo Repuesto de 33mm x 4g. @Marrón Chocolate,,1701R-10,215.00
MM,Maquillaje Cremoso Correctivo Repuesto de 33mm x 4g. @Marrón Café,,1701R-11,215.00
MM,Maquillaje Compacto al Agua Petaca con Espejo x 10g. @Marfil,,1710-00,325.00
MM,Maquillaje Compacto al Agua Petaca con Espejo x 10g. @Natural,,1710-01,375.00
MM,Maquillaje Compacto al Agua Petaca con Espejo x 10g. @Dorado,,1710-02,375.00
MM,Maquillaje Compacto al Agua Petaca con Espejo x 10g. @Tostado,,1710-03,375.00
MM,Maquillaje Compacto al Agua Repuesto de 59mm x 10g. @Marfil,,1710R-00,205.00
MM,Maquillaje Compacto al Agua Repuesto de 59mm x 10g. @Natural,,1710R-01,240.00
MM,Maquillaje Compacto al Agua Repuesto de 59mm x 10g. @Dorado,,1710R-02,240.00
MM,Maquillaje Compacto al Agua Repuesto de 59mm x 10g. @Tostado,,1710R-03,240.00
MM,Maquillaje Líquido Frasco con dosificador x 30g. @Marfil,,1800-00,365.00
MM,Maquillaje Líquido Frasco con dosificador x 30g. @Canela,,1800-01,365.00
MM,Maquillaje Líquido Frasco con dosificador x 30g. @Natural,,1800-02,365.00
MM,Maquillaje Líquido Frasco con dosificador x 30g. @Natural Intermedio,,1800-03,365.00
MM,Maquillaje Líquido Frasco con dosificador x 30g. @Dorado Claro,,1800-05,365.00
MM,Maquillaje Líquido Frasco con dosificador x 30g. @Dorado Intermedio,,1800-06,365.00
MM,Maquillaje Líquido Frasco con dosificador x 30g. @Tostado,,1800-08,365.00
MM,Base Maquillaje Alta Definición Frasco con dosificador x 20g. @Natural,,1801-00,665.00
MM,Base Maquillaje Alta Definición Frasco con dosificador x 20g. @Dorado,,1801-01,665.00
MM,Base Maquillaje Alta Definición Frasco con dosificador x 20g. @Tostado,,1801-02,665.00
MM,Maquillaje Líquido Reflectante Frasco con dosificador x 30g. @Natural,,1820-01,365.00
MM,Maquillaje Líquido Reflectante Frasco con dosificador x 30g. @Dorado,,1820-02,365.00
MM,Maquillaje Líquido Efecto Polvo - HD Botella con dosificador x 20g. @Natural,,1860-01,665.00
MM,Maquillaje Líquido Efecto Polvo - HD Botella con dosificador x 20g. @Dorado,,1860-02,665.00
MM,Maquillaje Líquido Efecto Polvo - HD Botella con dosificador x 20g. @Tostado,,1860-03,665.00
MM,MILA BB - Base Nude Pomo x 25g. @Claro,,1862-01,420.00
MM,MILA BB - Base Nude Pomo x 25g. @Natural,,1862-02,420.00
MM,MILA BB - Base Nude Pomo x 25g. @Tostado,,1862-03,420.00
MM,Súper CC Maquillaje Mate Botella con dosificador x 20g. @Claro,,1864-01,565.00
MM,Súper CC Maquillaje Mate Botella con dosificador x 20g. @Oscuro,,1864-02,565.00
MM,Delineador Líquido Botella  con aplicador punta pincel x 10g. @Negro,,1900-01,300.00
MM,Tonalizador Correctivo (Pack 4 Unidades) Pote x 5g  (Art. Individual 2000P-) @Blanco,,2000P/2001P-01,810.00
MM,Tonalizador Correctivo (Pack 4 Unidades) Pote x 5g  (Art. Individual 2000P-) @Verde,,2000P/2001P-02,950.00
MM,Tonalizador Correctivo (Pack 4 Unidades) Pote x 5g  (Art. Individual 2000P-) @Salmon,,2000P/2001P-03,950.00
MM,Tonalizador Correctivo (Pack 4 Unidades) Pote x 5g  (Art. Individual 2000P-) @Anaranjado,,2000P/2001P-04,950.00
MM,Tonalizador Correctivo (Pack 4 Unidades) Pote x 5g  (Art. Individual 2000P-) @Beige  Rosado,,2000P/2001P-05,950.00
MM,Tonalizador Correctivo (Pack 4 Unidades) Pote x 5g  (Art. Individual 2000P-) @Amarillo,,2000P/2001P-06,950.00
MM,Tonalizador Correctivo (Pack 4 Unidades) Pote x 5g  (Art. Individual 2000P-) @Lila,,2000P/2001P-07,810.00
MM,Tonalizador Correctivo (Pack 4 Unidades) Pote x 5g  (Art. Individual 2000P-) @Celeste,,2000P/2001P-08,810.00
MM,Tonalizador Correctivo (Pack 4 Unidades) Pote x 5g  (Art. Individual 2000P-) @Marron Africano,,2000P/2001P-09,950.00
MM,Tonalizador Correctivo (Pack 4 Unidades) Pote x 5g  (Art. Individual 2000P-) @Beige Amarillento,,2000P/2001P-11,950.00
MM,Tonalizador Correctivo (Pack 4 Unidades) Pote x 5g  (Art. Individual 2000P-) @Beige Grisado,,2000P/2001P-12,950.00
MM,Tonalizador Correctivo (Pack 4 Unidades) Pote x 5g  (Art. Individual 2000P-) @Beige  Verdoso,,2000P/2001P-13,950.00
MM,Tonalizador Correctivo Repuesto de 33mm x 4g. @Blanco,,2001P-01,215.00
MM,Tonalizador Correctivo Repuesto de 33mm x 4g. @Verde,,2001P-02,215.00
MM,Tonalizador Correctivo Repuesto de 33mm x 4g. @Salmón,,2001P-03,215.00
MM,Tonalizador Correctivo Repuesto de 33mm x 4g. @Anaranjado,,2001P-04,215.00
MM,Tonalizador Correctivo Repuesto de 33mm x 4g. @Beige Rosado,,2001P-05,215.00
MM,Tonalizador Correctivo Repuesto de 33mm x 4g. @Amarillo,,2001P-06,215.00
MM,Tonalizador Correctivo Repuesto de 33mm x 4g. @Lila,,2001P-07,185.00
MM,Tonalizador Correctivo Repuesto de 33mm x 4g. @Celeste,,2001P-08,185.00
MM,Tonalizador Correctivo Repuesto de 33mm x 4g. @Marrón Africano,,2001P-09,215.00
MM,Tonalizador Correctivo Repuesto de 33mm x 4g. @Beige Amarillento,,2001P-11,215.00
MM,Tonalizador Correctivo Repuesto de 33mm x 4g. @Beige Grisado,,2001P-12,215.00
MM,Tonalizador Correctivo Repuesto de 33mm x 4g. @Beige Verdoso,,2001P-13,215.00
MM,Maquillaje Compacto Polvo Modelador APTO HD Cartuchera  Dúo x 10g. c/u. @Mate - 01 claro / 02 oscuro,,2005P-01,840.00
MM,Maquillaje Compacto Polvo Modelador APTO HD Cartuchera  Dúo x 10g. c/u. @Satinado - 01 claro / 02 oscuro,,2005P-02,840.00
MM,Maquillaje Compacto Polvo Modelador APTO HD Cartuchera  Dúo x 10g. c/u. @Mate - 00 medio / 04 oscuro,,2005P-03,840.00
MM,Set para labios ULTRA HD Labial Mate Estuche Acrílico - 8 unidades x 7g. C/u Apto para decoracion de labios,,2050P,900.00
MM,Sombra en Polvo Diamante - Cristales de Luz - Pote x 1g. @Nacar,,2152P-00,385.00
MM,Sombra en Polvo Diamante - Cristales de Luz - Pote x 1g. @Rosa,,2152P-01,385.00
MM,Sombra en Polvo Perla Cristal Diamante Polvera x 1 g. @Oro,,2153P-01,385.00
MM,Sombra en Polvo Perla Cristal Diamante Polvera x 1 g. @Plata,,2153P-02,385.00
MM,Sombra en Polvo Perla Cristal Diamante Polvera x 1 g. @Tornasol,,2153P-03,385.00
MM,Sombra en Polvo Perla Cristal Diamante Polvera x 1 g. @Anaranjado Tornasolado Rosa,,2153P-04,385.00
MM,Polvo Volátil Pro Mineral Polvera x 18g. @Marfil,,2301P-01,525.00
MM,Polvo Volátil Pro Mineral Polvera x 18g. @Beige Rosado,,2301P-02,525.00
MM,Polvo Volátil  Pro Universal HD (Pack 2 Unidades + 2 Polveritas vacias x 8g.) (Art. Individual 2300P-)  @Blanco Universal,,2320P-01,1165.00
MM,Polvo Volátil Iridiscente efecto tornasol Polvera x 4g. @Oro,,2330P-01,250.00
MM,Polvo Volátil Iridiscente efecto tornasol Polvera x 4g. @Plata,,2330P-02,250.00
MM,Polvo Volátil Tonalizador Satinado Polvera con dosificador x 18g. @Natural,,2331P-01,550.00
MM,Polvo Volátil Tonalizador Satinado Polvera con dosificador x 18g. @Tostado,,2331P-02,550.00
MM,Brillo Labial (PACK 3 UNIDADES) Botella con dosificador x 10g. (Art. Individual 2540P-)  @Laca Cristal,,2541P-00,675.00
MM,Brillo Labial (PACK 3 UNIDADES) Botella con dosificador x 10g. (Art. Individual 2540P-)  @Laca Gloss Ultra Liviano,,2541P-02,675.00
MM,Set de Bases Alta Cobertura ULTRA HD Estuche acrílico - 7 unidades x 7g c/u,,2700P-01,1265.00
MM,Base de Maquillaje Siliconado Blur Efecto Photoshop Botella con dosificadorx 30g. @Claro,,2802P-01,835.00
MM,Base de Maquillaje Siliconado Blur Efecto Photoshop Botella con dosificadorx 30g. @Medio,,2802P-02,835.00
MM,Base de Maquillaje Siliconado Blur Efecto Photoshop Botella con dosificadorx 30g. @Oscuro,,2802P-03,835.00
MM,Maquillaje Líquido Neutro Botella con dosificador x 30g.,,2810P-01,535.00
MM,Maquillaje Líquido Pigmento Puro Botella con gotero x 20g. @Blanco,,2811P-01,315.00
MM,Maquillaje Líquido Pigmento Puro Botella con gotero x 20g. @Verde,,2811P-02,315.00
MM,Maquillaje Líquido Pigmento Puro Botella con gotero x 20g. @Amarillo,,2811P-06,315.00
MM,Maquillaje Líquido Pigmento Puro Botella con gotero x 20g. @Marrón Africano,,2811P-09,315.00
MM,Sombra Cremosa Pomada para Cejas Petaca Dúo x 4g. @Oscura,,2912P-01,445.00
MM,Sombra Cremosa Pomada para Cejas Petaca Dúo x 4g. @Clara,,2912P-02,445.00
MM,Tonalizador Correctivo Paleta 15 unid. x 4 g. C/u Paleta de correctores,,1003P,2200.00
MM,"Tonalizador Correctivo Mini paleta -6 unid. x 2,5 g. C/u  @Art. 2001P/05-03-04-07-08-01",,1005P-01,715.00
MM,"Tonalizador Correctivo Mini paleta -6 unid. x 2,5 g. C/u  @Art. 2001P/06-11-12-02-13-09",,1005P-02,715.00
MM,"Tonalizador Correctivo Mini paleta -6 unid. x 2,5 g. C/u  @Art. 1701R/01-02-05-06-07 2001P/12",,1005P-03,715.00
MM,"Tonalizador Correctivo Mini paleta -6 unid. x 2,5 g. C/u  @Art. 1701R/08-10-04-09-11-03",,1005P-04,715.00
MM,"Paleta de Sombras Compactas - 14 unid. x 4g. C/u. Tonos “Puros""",,1101P,2300.00
MM,"Paleta de Sombras Compactas HD - 14 unid. x 4g. C/u. Tonos ""Combinados""",,1102P,2300.00
MM,"Paleta de Sombras Compactas - 14 unid. x 4g. C/u. Tonos ""Fríos""",,1103P,2300.00
MM,"Paleta de Sombras Compactas - 14 unid. x 4g. C/u. Tonos ""Cálidos""",,1104P,2300.00
MM,"Paleta de Sombras Compactas - 14 unid. x 4g. C/u. Tonos ""Fantasía""",,1105P,2300.00
MM,"Paleta de Sombras Compactas - 14 unid. x 4g. C/u. Tonos ""Nude""",,1106P,2300.00
MM,"Paleta de Sombras Compactas HD - 17 unid. x 4g. C/u. Tonos ""Nude Atemporal""",,1107P,2450.00
MM,"Paleta de Sombras Compactas HD - 15 unid. x 4g. C/u. Tonos de ""Temporada""",,1108P,2450.00
MM,Paleta de Rubores Compactos - 14 unid. x 4g. C/u. Todos los tonos,,1200P,2300.00
MM,"Paleta de Labiales - 32 unid. x 2,5g. C/u. Humectantes",,1501P,1830.00
MM,Paleta Rubor Cremoso Multifunción - 15 unid. x 4g.c/u. Labios - Pómulos,,1221P,1850.00
MM,"Mini Paleta Labial Humectante - 6 unid. x 2,5g.c/u. @Gama de Rosas",,1502P-01,600.00
MM,"Mini Paleta Labial Humectante - 6 unid. x 2,5g.c/u. @Gama de Anaranjados",,1502P-02,500.00
MM,"Mini Paleta Labial Humectante - 6 unid. x 2,5g.c/u. @Gama de Marrones",,1502P-03,500.00
MM,"Mini Paleta Labial Humectante - 6 unid. x 2,5g.c/u. @Gama de Rojos",,1502P-04,600.00
MM,"Mini Paleta Labial Humectante - 6 unid. x 2,5g.c/u. @Colección de temporada",,1502P-05,600.00
MM,"Mini Paleta Labial Mate - 6 unid. x 2,5g.c/u. @Gama de Rosas",,1503P-01,778.00
MM,"Mini Paleta Labial Mate - 6 unid. x 2,5g.c/u. @Gama de Temporada",,1503P-02,778.00
MM,Petaca  Negra Vacía para 1 Repuesto x 37mm. ( Pack x 6 Unidades)   Art. Individual 2020P.,,2022,600.00
MM,Tonalizador Correctivo Pote x 5g. @Blanco,,2000P-01,215.00
MM,Tonalizador Correctivo Pote x 5g. @Verde,,2000P-02,250.00
MM,Tonalizador Correctivo Pote x 5g. @Salmon,,2000P-03,250.00
MM,Tonalizador Correctivo Pote x 5g. @Anaranjado,,2000P-04,250.00
MM,Tonalizador Correctivo Pote x 5g. @Beige Rosado,,2000P-05,250.00
MM,Tonalizador Correctivo Pote x 5g. @Amarillo,,2000P-06,250.00
MM,Tonalizador Correctivo Pote x 5g. @Lila,,2000P-07,215.00
MM,Tonalizador Correctivo Pote x 5g. @Celeste,,2000P-08,215.00
MM,Tonalizador Correctivo Pote x 5g. @Marron Africano,,2000P-09,250.00
MM,Tonalizador Correctivo Pote x 5g. @Beige Amarillento,,2000P-11,250.00
MM,Tonalizador Correctivo Pote x 5g. @Beige Grisado,,2000P-12,250.00
MM,Tonalizador Correctivo Pote x 5g. @Beige  Verdoso,,2000P-13,250.00
MM,"Pre Base para párpados HD Petaca x 3,5g. @Natural",,2110P-00,330.00
MM,Polvo Volátil  Pro Universal HD + Polverita dosificadora x 8g. @Blanco Universal,,2300P-01,615.00
MM,Brillo Labial Botella con dosificador x 10g. @Laca Cristal,,2540P-00,235.00
MM,Brillo Labial Botella con dosificador x 10g. @Laca Gloss Ultra Liviano,,2540P-02,235.00
MM,Pigmentador Humectante Pote x 4g. @Blanco,,1550P-00,257.00
MM,Pigmentador Humectante Pote x 4g. @Fucsia,,1550P-01,257.00
MM,Pigmentador Humectante Pote x 4g. @Anaranjado,,1550P-02,257.00
MM,Pigmentador Humectante Pote x 4g. @Coral,,1550P-03,257.00
MM,Pigmentador Humectante Pote x 4g. @Nude,,1550P-04,257.00
MM,Pigmentador Humectante Pote x 4g. @Rojo,,1550P-05,257.00
MM,Pigmentador Humectante Pote x 4g. @Violeta,,1550P-06,257.00
MM,Pigmentador Humectante Pote x 4g. @Marsala,,1550P-07,257.00
MM,Pigmentador Humectante Pote x 4g. @Obispo,,1550P-08,257.00
MM,Delineador en Gel Apto HD Pote x 4g. @Negro,,1911P-01,320.00
MM,Sombra Cremosa Pote x 4g. @Negro,,2910P-01,250.00
MM,Delineador Líquido -Tinta Botella x 6g. @Blanco,,2920P-00,220.00
MM,Delineador Líquido -Tinta Botella x 6g. @Negro,,2920P-01,220.00
MP,"Kit con : Set de Bases Alta cobertura Ultra HD, Unificador de Texturas HD + Porta Cosmeticos Cristal",,5001,1650.00
MP,"Kit con : Set para labios Ultra HD, set desamquillante y humectante + porta Cosmeticos Cristal",,5002,1215.00
MP,"Kit Escuela de 3 Paletas- Art.-1003P- 1106P - 1501P -  (15correctores y bases ,14  tonos de sombras, 32 tonos de labiales)",,3003P,6000.00
MP,Diluyente Siliconado  - Apto HD a Prueba de Agua (Gotero) x 20cc.,,2013P,470.00
MP,Fluidificador de Texturas  - Apto HD (Botella con dosificador)  x 10g.,,2014P,440.00
MP,Unificador de texturas HD (Botella con Gotero) x 20cc.,,2112P,566.00
MP,Fijador Multifunción  - Apto HD  (Botella pulverizadora) x 55cc.,,2113P,440.00
MP,Sombra Compacta Tratante Apta HD. Repuesto de 33 mm. x 4g. @Beige Rosado Tornasol Satinado,,1111-T01,210.00
MP,Sombra Compacta Tratante Apta HD. Repuesto de 33 mm. x 4g. @Rosa Satinado,,1111-T02,210.00
MP,Sombra Compacta Tratante Apta HD. Repuesto de 33 mm. x 4g. @Obispo Tornasol Satinado,,1111-T03,172.00
MP,Sombra Compacta Tratante Apta HD. Repuesto de 33 mm. x 4g. @Verde Oliva Satinado,,1111-T05,172.00
MP,Sombra Compacta Tratante Apta HD. Repuesto de 33 mm. x 4g. @Durazno Satinado,,1111-T06,210.00
MP,Sombra Compacta Tratante Apta HD. Repuesto de 33 mm. x 4g. @Cobre Intenso Tornasol Satinado,,1111-T07,172.00
MP,Sombra Compacta Tratante Apta HD. Repuesto de 33 mm. x 4g. @Verde Claro Satinado,,1111-T08,210.00
MP,Sombra Compacta Tratante Apta HD. Repuesto de 33 mm. x 4g. @Fucsia Chicle Tornasol  Satinado,,1111-T09,210.00
MP,Sombra Compacta Tratante Apta HD. Repuesto de 33 mm. x 4g. @Negro Mate,,1111-T10,210.00
MP,Sombra Compacta Tratante Apta HD. Repuesto de 33 mm. x 4g. @Blanco Mate,,1111-T11,210.00
MP,Sombra Compacta Tratante Apta HD. Repuesto de 33 mm. x 4g. @Negro con Perla Oro,,1111-T12,210.00
MP,Sombra Compacta Tratante Apta HD. Repuesto de 33 mm. x 4g. @Arena Tornasol Satinado,,1111-T13,210.00
MP,Sombra Compacta Tratante Apta HD. Repuesto de 33 mm. x 4g. @Bronce Tornasol Satinado,,1111-T15,210.00
MP,Sombra Compacta Tratante Apta HD. Repuesto de 33 mm. x 4g. @Marrón Tornasol  Satinado,,1111-T16,210.00
MP,Sombra Compacta Tratante Apta HD. Repuesto de 33 mm. x 4g. @Anaranjado Claro Satinado,,1111-T18,210.00
MP,Sombra Compacta Tratante Apta HD. Repuesto de 33 mm. x 4g. @Blanco dorado Tornasol Satinado,,1111-T19,210.00
MP,Sombra Compacta Tratante Apta HD. Repuesto de 33 mm. x 4g. @Oro Verdoso Tornasol  Satinado,,1111-T20,210.00
MP,Sombra Compacta Tratante Apta HD. Repuesto de 33 mm. x 4g. @Dorado Claro Satinado,,1111-T21,210.00
MP,Sombra Compacta Tratante Apta HD. Repuesto de 33 mm. x 4g. @Bronce Oliva Tornasol Satinado,,1111-T22,210.00
MP,Sombra Compacta Tratante Apta HD. Repuesto de 33 mm. x 4g. @Salmón Tornasol Satinado,,1111-T25,210.00
MP,Sombra Compacta Tratante Apta HD. Repuesto de 33 mm. x 4g. @Celeste Tornasol Satinado,,1111-T26,210.00
MP,Sombra Compacta Tratante Apta HD. Repuesto de 33 mm. x 4g. @Dulce de Leche Semi Mate,,1111-T32,210.00
MP,Sombra Compacta Tratante Apta HD. Repuesto de 33 mm. x 4g. @Marrón Agrisado Semi Mate,,1111-T33,210.00
MP,Sombra Compacta Tratante Apta HD. Repuesto de 33 mm. x 4g. @Azul Profundo Tornasolado,,1111-T35,210.00
MP,Sombra Compacta Tratante Apta HD. Repuesto de 33 mm. x 4g. @Marfil Mate,,1111-T37,210.00
MP,Sombra Compacta Tratante Apta HD. Repuesto de 33 mm. x 4g. @Nude Semi Mate,,1111-T38,210.00
MP,Sombra Compacta Tratante Apta HD. Repuesto de 33 mm. x 4g. @Habano Claro Mate,,1111-T39,210.00
MP,Sombra Compacta Tratante Apta HD. Repuesto de 33 mm. x 4g. @Chocolate Mate,,1111-T40,210.00
MP,Sombra Compacta Tratante Apta HD. Repuesto de 33 mm. x 4g. @Gris Mate,,1111-T41,210.00
MP,Sombra Compacta Tratante Apta HD. Repuesto de 33 mm. x 4g. @Tornasol Rosa Mate,,1111-T42,210.00
MP,Sombra Compacta Tratante Apta HD. Repuesto de 33 mm. x 4g. @Té con Leche Mate,,1111-T43,210.00
MP,Sombra Compacta Tratante Apta HD. Repuesto de 33 mm. x 4g. @Plata Metálico,,1111-T44,210.00
MP,Sombra Compacta Tratante Apta HD. Repuesto de 33 mm. x 4g. @Bordó Rojizo Satinado,,1111-T45,210.00
MP,Sombra Compacta Tratante Apta HD. Repuesto de 33 mm. x 4g. @Rosa Nude Mate,,1111-T46,210.00
MP,Sombra Compacta Tratante Apta HD. Repuesto de 33 mm. x 4g. @Amarillo Patito Mate,,1111-T47,210.00
MP,Sombra Compacta Tratante Apta HD. Repuesto de 33 mm. x 4g. @Salmón Mate,,1111-T48,210.00
MP,Sombra Compacta Tratante Apta HD. Repuesto de 33 mm. x 4g. @Manteca Mate,,1111-T49,210.00
MP,Sombra en Polvo Perla Cristal Diamante Polvera x 1 g. @Amarillo,,1142-01,285.00
MP,Sombra en Polvo Perla Cristal Diamante Polvera x 1 g. @Naranja,,1142-02,285.00
MP,Sombra en Polvo Perla Cristal Diamante Polvera x 1 g. @Verde,,1142-03,285.00
MP,Sombra en Polvo Perla Cristal Diamante Polvera x 1 g. @Fucsia,,1142-04,285.00
MP,Sombra en Polvo Pigmento Puro Polvera x 2g. @Sandia,,1143P-17,228.00
MP,Sombra en Polvo Perla Pote x 1g. @Azul,,1152P-03,235.00
MP,Sombra en Polvo Perla Pote x 1g. @Fucsia,,1152P-05,235.00
MP,Sombra en Polvo Perla Pote x 1g. @Violeta,,1152P-07,235.00
MP,Sombra en Polvo Perla Pote x 1g. @Verde,,1152P-08,235.00
MP,Sombra en Polvo Perla Pote x 1g. @Negro Humo,,1152P-10,235.00
MP,Sombra en Polvo Perla Pote x 1g. @Terracota Satinado,,1152P-13,235.00
MP,Maquillaje Compacto Polvo Mate Efecto BLUR Cartuchera  Dúo x 10g. c/u. Amarillo - Naranja,,2010P,840.00
MP,Maquillaje Compacto Polvo Mate Efecto BLUR - Repuesto x 10g c/u @Amarillo,,2010R-01,321.00
MP,Maquillaje Compacto Polvo Mate Efecto BLUR - Repuesto x 10g c/u @Naranja,,2010R-02,321.00
MP,Maquillaje Compacto Polvo MATE HD Siliconado Repuesto de 59mm x 10g. @Claro,,2011P-M01,290.00
MP,Maquillaje Compacto Polvo MATE HD Siliconado Repuesto de 59mm x 10g. @Oscuro,,2011P-M02,290.00
MP,Maquillaje Compacto Polvo MATE HD Siliconado Repuesto de 59mm x 10g. @Miel,,2011P-M03,290.00
MP,Maquillaje Compacto Polvo MATE HD Siliconado Repuesto de 59mm x 10g. @Caramelo,,2011P-M04,290.00
MP,Maquillaje Compacto Polvo Satinado HD Siliconado Repuesto de 59mm x 10g. @Claro,,2011P-S01,290.00
MP,Maquillaje Compacto Polvo Satinado HD Siliconado Repuesto de 59mm x 10g. @Oscuro,,2011P-S02,290.00
MP,"Pre Base para párpados HD (Pack 3 Unidades) Petaca x 3,5g. (Art. Individual 2110P-) @Natural",,2111P-00,940.00
MP,"Pre Base para Labios Cristal HD Envase x 3,5g.",,2510P,390.00
MP,Pigmentador Humectante (Pack  4 Unidades) Pote x 4g. (Art. Individual 1550P- ) @Blanco,,2550P-00,977.00
MP,Pigmentador Humectante (Pack  4 Unidades) Pote x 4g. (Art. Individual 1550P- ) @Fucsia,,2550P-01,977.00
MP,Pigmentador Humectante (Pack  4 Unidades) Pote x 4g. (Art. Individual 1550P- ) @Anaranjado,,2550P-02,977.00
MP,Pigmentador Humectante (Pack  4 Unidades) Pote x 4g. (Art. Individual 1550P- ) @Coral,,2550P-03,977.00
MP,Pigmentador Humectante (Pack  4 Unidades) Pote x 4g. (Art. Individual 1550P- ) @Nude,,2550P-04,977.00
MP,Pigmentador Humectante (Pack  4 Unidades) Pote x 4g. (Art. Individual 1550P- ) @Rojo,,2550P-05,977.00
MP,Pigmentador Humectante (Pack  4 Unidades) Pote x 4g. (Art. Individual 1550P- ) @Violeta,,2550P-06,977.00
MP,Pigmentador Humectante (Pack  4 Unidades) Pote x 4g. (Art. Individual 1550P- ) @Marsala,,2550P-07,977.00
MP,Pigmentador Humectante (Pack  4 Unidades) Pote x 4g. (Art. Individual 1550P- ) @Obispo,,2550P-08,977.00
MP,Mascara para Pestañas Pro Base Extensora @Botella con aplicador x 12g.,,2600P-00,360.00
MP,Maquillaje Hidratante Siliconado HD. Botella con dosificador x 30g. @Marfil Extra Claro,,2801P-00,835.00
MP,Maquillaje Hidratante Siliconado HD. Botella con dosificador x 30g. @Marfil,,2801P-01,835.00
MP,Maquillaje Hidratante Siliconado HD. Botella con dosificador x 30g. @Caramelo,,2801P-02,835.00
MP,Maquillaje Hidratante Siliconado HD. Botella con dosificador x 30g. @Tostado,,2801P-03,835.00
MP,Maquillaje Hidratante Siliconado Corrector Siliconado HD Envase con aplicador x 10g. @Beige Claro.,,2812P-00,385.00
MP,Maquillaje Hidratante Siliconado Corrector Siliconado HD Envase con aplicador x 10g. @Beige Neutro,,2812P-01,385.00
MP,Delineador en Gel Apto HD (Pack  4 Unidades)  Pote x 4g. (Art. Individual 1911P-)  @Negro,,2901P-01,1216.00
MP,Sombra Cremosa (Pack  3 Unidades)   Pote x 4g. (Art. individual 2910P-) @Negro,,2911P-01,710.00
MP,Pre Base Fijadora para Cejas Pote x 5gr.,,2913P,322.00
MP,Delineador Líquido (Pack  3 Unidades) -Tinta Botella x 6g.  (Art. Individual 2920P-)  @Blanco,,2921P-00,628.00
MP,Delineador Líquido (Pack  3 Unidades) -Tinta Botella x 6g.  (Art. Individual 2920P-)  @Negro,,2921P-01,628.00
MP,Paleta de Maquillaje Cremoso 15 unid. x 4 g. C/u Visagismo,,1007P,1750.00
MP,Estuche Dúo para repuestos de 33mm.  (Pack x 2 Unidades) - Art. Individual 2030.,,2031,270.00
MP,Cartuchera Vacía para 12 repuestos de 33mm.,,2002P,390.00
MP,Cartuchera Vacía para 6 repuestos de 33mm.,,2003P,380.00
MP,Cartuchera Vacía para 4 Repuestos de 37mm.,,2006,380.00
MP,Cartuchera Vacía para 2 repuestos de 59mm.,,2009P,380.00
MP,Catuchera Vacía imantada con zocalo todas las medidas de repuestos.,,2019Z,340.00
MP,Petaca con Espejo Vacía para 1 Repuesto de 59mm.,,2023,180.00
MP,Petaca con Espejo Vacía para 2 Repuestos de 37mm.,,2024,250.00
MP,Petaca Blanca Vacía para 1 Repuesto x 33mm.  (Pack x 6 Unidades) - Art. Individual 2021P.,,2021,600.00
MP,Bolso Vacío Negro - Ecocuero con cartuchera cierre.,,2016-B,1185.00
MP,Bolso Vacío Cristal de Retoque- c/ 6 compartimentos + Bolsillo porta tissue.,,2016-R,1185.00
MP,Kit Pro Acrílico para Mezclas  (Soporte / Espátula de ACERO INOXIDABLE),,2017E,470.00
MP,Paleta Pro para Mezclas (Soporte Acrílico Cristal Circular)  Sin Espátula,,2017P,215.00
MP,Duo Porta Cosmeticos Cristal (Grande-14x19Cm + Chico-11x 16 Cm.),,2018,255.00
MP,Organizador vacío para 3 paletas.,,2026P,800.00
MP,Caja Acrilica Vacia para 8 COLORES,,2038P,330.00
MP,Catálogo de productos con precios -  PACK 10 UNIDADES,,300,450.00
MP,Bolsas Ecológicas  30x38 cm. de Friselina con  Manijas y Logo PACK 10 UNIDADES (Art. Individual 410) .,,401,250.00
MP,Estuche Dúo para repuestos de 33mm.,,2030,135.00
MP,Petaca Blanca  Vacía para 1 Repuesto x 33mm.,,2021P,110.00
MP,Petaca  Negra Vacía para 1 Repuesto x 37mm.,,2020,110.00
MP,Catálogo de productos con Precios.,,301,45.00
MP,Bolsas Ecológicas 30x38 cm. de Friselina con  Manijas y Logo,,410,25.00
MP,Bolsas Ecológicas  de 15x20 cm. de Friselina  y Logo,,411,10.00